dataset_name,d_model,random_seed,avg_acc,std_acc
ArticularyWordRecognition,64,0,0.8618181818181817,0.05219163670693569
ArticularyWordRecognition,64,21,0.8763636363636363,0.05562566742101219
